name,brand,unit,kcal_100,protein_100,carb_100,fat_100,portion1_label,portion1_grams,portion2_label,portion2_grams,category,barcode,note
Speight's Summit Ultra,Speight's,ml,26,0.3,0.5,0.0,1 bottle,330,1 pint,568,drinks_alcohol,,"low carb, 4.2% ABV, alcohol"
Steinlager Classic,Steinlager,ml,41,0.3,3.0,0.0,1 bottle,330,1 pint,568,drinks_alcohol,,"5.0% ABV, alcohol"
Steinlager Pure,Steinlager,ml,39,0.3,2.6,0.0,1 bottle,330,1 pint,568,drinks_alcohol,,"5.0% ABV, alcohol"
Steinlager Ultra Low Carb,Steinlager,ml,16,0.2,0.4,0.0,1 bottle,330,1 pint,568,drinks_alcohol,,"low carb, 2.5% ABV, alcohol"
Tui East India Pale Ale,Tui,ml,35,0.3,3.0,0.0,1 bottle,330,1 pint,568,drinks_alcohol,,"4.0% ABV, alcohol"
Export Gold,DB,ml,34,0.3,2.8,0.0,1 bottle,330,1 pint,568,drinks_alcohol,,"4.0% ABV, alcohol"
Export 33,DB,ml,28,0.3,1.2,0.0,1 bottle,330,1 pint,568,drinks_alcohol,,"low carb, 4.0% ABV, alcohol"
Lion Red,Lion,ml,35,0.3,3.0,0.0,1 bottle,330,1 pint,568,drinks_alcohol,,"4.0% ABV, alcohol"
Lion Brown,Lion,ml,36,0.3,3.2,0.0,1 bottle,330,1 pint,568,drinks_alcohol,,"4.0% ABV, alcohol"
Waikato Draught,Waikato,ml,35,0.3,3.0,0.0,1 bottle,330,1 pint,568,drinks_alcohol,,"4.0% ABV, alcohol"
DB Draught,DB,ml,35,0.3,3.0,0.0,1 bottle,330,1 pint,568,drinks_alcohol,,"4.0% ABV, alcohol"
Monteith's Golden Lager,Monteith's,ml,41,0.3,3.0,0.0,1 bottle,330,1 pint,568,drinks_alcohol,,"5.0% ABV, alcohol"
Monteith's Black,Monteith's,ml,46,0.4,4.0,0.0,1 bottle,330,1 pint,568,drinks_alcohol,,"5.2% ABV, alcohol"
Mac's Gold,Mac's,ml,35,0.3,3.0,0.0,1 bottle,330,1 pint,568,drinks_alcohol,,"4.0% ABV, alcohol"
Mac's Mid Vicious,Mac's,ml,25,0.3,2.5,0.0,1 bottle,330,1 pint,568,drinks_alcohol,,"mid strength, 2.5% ABV, alcohol"
Emerson's Pilsner,Emerson's,ml,43,0.4,3.5,0.0,1 bottle,330,1 pint,568,drinks_alcohol,,"4.9% ABV, alcohol"
Garage Project Hāpi Daze,Garage Project,ml,40,0.4,3.3,0.0,1 can,330,1 pint,568,drinks_alcohol,,"pale ale, 4.6% ABV, alcohol"
Panhead Supercharger APA,Panhead,ml,49,0.4,4.0,0.0,1 can,330,1 big can,440,drinks_alcohol,,"5.7% ABV, alcohol"
Parrotdog Birdseye,Parrotdog,ml,50,0.4,4.0,0.0,1 can,330,1 big can,440,drinks_alcohol,,"hazy IPA, 5.8% ABV, alcohol"
Behemoth Chur,Behemoth,ml,47,0.4,3.8,0.0,1 big can,440,1 pint,568,drinks_alcohol,,"NZ pale ale, 5.5% ABV, alcohol"
Sawmill Pilsner,Sawmill,ml,40,0.3,3.2,0.0,1 can,330,1 pint,568,drinks_alcohol,,"4.7% ABV, alcohol"
Good George IPA,Good George,ml,50,0.4,4.0,0.0,1 can,330,1 pint,568,drinks_alcohol,,"5.8% ABV, alcohol"
Heineken,Heineken,ml,42,0.4,3.2,0.0,1 bottle,330,1 pint,568,drinks_alcohol,,"5.0% ABV, alcohol"
Heineken 0.0,Heineken,ml,20,0.1,4.8,0.0,1 bottle,330,,,drinks_soft,,"0.0% ABV, alcohol free beer"
Corona Extra,Corona,ml,42,0.3,3.9,0.0,1 bottle,355,,,drinks_alcohol,,"4.5% ABV, alcohol"
Asahi Super Dry,Asahi,ml,41,0.3,3.0,0.0,1 bottle,330,1 pint,568,drinks_alcohol,,"5.0% ABV, alcohol"
Peroni Nastro Azzurro,Peroni,ml,41,0.3,3.0,0.0,1 bottle,330,1 pint,568,drinks_alcohol,,"5.1% ABV, alcohol"
Stella Artois,Stella Artois,ml,41,0.3,3.0,0.0,1 bottle,330,1 pint,568,drinks_alcohol,,"5.0% ABV, alcohol"
Guinness Draught,Guinness,ml,36,0.3,3.0,0.0,1 can,440,1 pint,568,drinks_alcohol,,"stout, 4.2% ABV, alcohol"
Kingfisher Premium,Kingfisher,ml,42,0.3,3.5,0.0,1 bottle,330,1 large bottle,650,drinks_alcohol,,"4.8% ABV, alcohol"
Carlsberg,Carlsberg,ml,41,0.3,3.0,0.0,1 bottle,330,1 pint,568,drinks_alcohol,,"5.0% ABV, alcohol"
Old Mout Berries and Cherries,Old Mout,ml,53,0.0,7.8,0.0,1 bottle,330,1 pint,568,drinks_alcohol,,"cider, 4.0% ABV, alcohol"
Rekorderlig Strawberry Lime,Rekorderlig,ml,64,0.0,10.5,0.0,1 bottle,500,1 can,330,drinks_alcohol,,"cider, 4.0% ABV, alcohol"
Somersby Apple,Somersby,ml,53,0.0,7.0,0.0,1 bottle,330,1 pint,568,drinks_alcohol,,"cider, 4.5% ABV, alcohol"
Zeffer Crisp Apple,Zeffer,ml,42,0.0,3.5,0.0,1 can,330,1 pint,568,drinks_alcohol,,"cider, 5.0% ABV, alcohol"
Sauvignon Blanc (NZ),,ml,76,0.1,1.0,0.0,1 glass,150,1 large glass,250,drinks_alcohol,,"white wine, dry, 13.0% ABV, alcohol"
Pinot Noir,,ml,77,0.1,0.6,0.0,1 glass,150,1 large glass,250,drinks_alcohol,,"red wine, dry, 13.5% ABV, alcohol"
Pinot Gris,,ml,81,0.1,1.5,0.0,1 glass,150,1 large glass,250,drinks_alcohol,,"white wine, off dry, 13.5% ABV, alcohol"
Chardonnay,,ml,77,0.1,0.5,0.0,1 glass,150,1 large glass,250,drinks_alcohol,,"white wine, dry, 13.5% ABV, alcohol"
Rosé,,ml,77,0.1,1.2,0.0,1 glass,150,1 large glass,250,drinks_alcohol,,"dry to off dry, 13.0% ABV, alcohol"
Sparkling wine,,ml,73,0.1,1.5,0.0,1 flute,125,1 glass,150,drinks_alcohol,,"brut, 12.0% ABV, alcohol"
Red wine (generic),,ml,78,0.1,0.8,0.0,1 glass,150,1 large glass,250,drinks_alcohol,,"13.5% ABV, alcohol"
White wine (generic),,ml,73,0.1,1.0,0.0,1 glass,150,1 large glass,250,drinks_alcohol,,"12.5% ABV, alcohol"
Vodka,,ml,207,0.0,0.0,0.0,1 shot,30,1 double,60,drinks_alcohol,,"37.5% ABV, alcohol"
Gin,,ml,207,0.0,0.0,0.0,1 shot,30,1 double,60,drinks_alcohol,,"37.5% ABV, alcohol"
Whisky,,ml,221,0.0,0.0,0.0,1 shot,30,1 double,60,drinks_alcohol,,"40.0% ABV, alcohol"
Rum,,ml,207,0.0,0.0,0.0,1 shot,30,1 double,60,drinks_alcohol,,"37.5% ABV, alcohol"
Tequila,,ml,210,0.0,0.0,0.0,1 shot,30,1 double,60,drinks_alcohol,,"38.0% ABV, alcohol"
Woodstock Bourbon and Cola,Woodstock,ml,58,0.0,7.5,0.0,1 can,330,1 big can,440,drinks_alcohol,,"RTD, 5.0% ABV, alcohol"
Cody's Bourbon and Cola,Cody's,ml,69,0.0,7.5,0.0,1 can,250,1 big can,440,drinks_alcohol,,"RTD, 7.0% ABV, alcohol"
Smirnoff Ice Red,Smirnoff,ml,64,0.0,9.0,0.0,1 bottle,300,1 can,250,drinks_alcohol,,"RTD, 5.0% ABV, alcohol"
KGB Lemon,KGB,ml,64,0.0,9.0,0.0,1 bottle,275,1 can,250,drinks_alcohol,,"RTD, 5.0% ABV, alcohol"
Long White Vodka Lime,Long White,ml,31,0.0,1.2,0.0,1 bottle,320,1 can,320,drinks_alcohol,,"RTD, low sugar, 4.8% ABV, alcohol"
Pals Vodka Peach,Pals,ml,34,0.0,1.6,0.0,1 can,330,,,drinks_alcohol,,"RTD, vodka, peach, passionfruit and soda, 5.0% ABV, alcohol"
Part Time Rangers,Part Time Rangers,ml,32,0.0,1.0,0.0,1 can,330,,,drinks_alcohol,,"RTD, vodka, soda and fruit, 5.0% ABV, alcohol"
Gin and tonic (as mixed),,ml,48,0.0,5.9,0.0,1 glass,250,,,drinks_alcohol,,"30 ml gin with tonic and ice, about 4.5% ABV as mixed, alcohol"
Rum and coke (as mixed),,ml,54,0.0,7.2,0.0,1 glass,250,,,drinks_alcohol,,"30 ml rum with cola and ice, about 4.5% ABV as mixed, alcohol"
Vodka soda (as mixed),,ml,25,0.0,0.0,0.0,1 glass,250,,,drinks_alcohol,,"30 ml vodka with soda and ice, about 4.5% ABV as mixed, alcohol"
Mojito (as mixed),,ml,56,0.0,4.8,0.0,1 glass,250,,,drinks_alcohol,,"45 ml rum, sugar, lime, mint and soda, about 6.7% ABV as mixed, alcohol"
Margarita (as mixed),,ml,116,0.0,7.7,0.0,1 glass,150,,,drinks_alcohol,,"45 ml tequila, triple sec and lime, about 15.4% ABV as mixed, alcohol"
Espresso martini (as mixed),,ml,148,0.0,14.6,0.0,1 glass,140,,,drinks_alcohol,,"45 ml vodka, coffee liqueur, espresso and syrup, about 16.3% ABV as mixed, alcohol"
Tonic water,Schweppes,ml,35,0.0,8.7,0.0,1 glass,200,1 small bottle,300,drinks_soft,,label values
Soda water,Schweppes,ml,0,0.0,0.0,0.0,1 glass,250,1 small bottle,300,drinks_soft,,no sugar
Ginger beer,Bundaberg,ml,43,0.0,10.8,0.0,1 bottle,375,,,drinks_soft,,label values
Lemonade,Sprite,ml,34,0.0,8.4,0.0,1 can,330,1 bottle,600,drinks_soft,,label values
